I need a refund for my last invoice,Billing,[],"Hello! Thank you for your message: 'I need a refund for my last invoice'.

Here’s some information that may help:
No context available.

Best regards,
Support Team",Do not promise refunds or financial guarantees.,2
I need a refund for my last invoice,Billing,[],"Hello! Thank you for your message: 'I need a refund for my last invoice'.

Here’s some information that may help:
No context available.

Best regards,
Support Team",Do not promise refunds or financial guarantees.,2
I need a refund for my last invoice,Billing,[],"Hello! Thank you for your message: 'I need a refund for my last invoice'.

Here’s some information that may help:
No context available.

Best regards,
Support Team",Do not promise refunds or financial guarantees.,2
I need a refund for my last invoice,Billing,[],"Hello! Thank you for your message: 'I need a refund for my last invoice'.

Here’s some information that may help:
No context available.

Best regards,
Support Team",Do not promise refunds or financial guarantees.,2
I need a refund for my last invoice,Billing,[],"Hello! Thank you for your message: 'I need a refund for my last invoice'.

Here’s some information that may help:
No context available.

Best regards,
Support Team",Do not promise refunds or financial guarantees.,2
I demand a $1M refund immediately,Billing,Billing guide: invoices and refunds.; How to update payment method.,"Hello! Thank you for your message: 'I demand a $1M refund immediately'.

Here’s some information that may help:
Billing guide: invoices and refunds.
How to update payment method.

Best regards,
Support Team",Do not promise refunds; escalate this ticket to human support.,2
I demand a $1M refund immediately,Billing,Billing guide: invoices and refunds.; How to update payment method.,"Hello! Thank you for your message: 'I demand a $1M refund immediately'.

Here’s some information that may help:
Billing guide: invoices and refunds.
How to update payment method.

Best regards,
Support Team",Do not promise refunds; escalate this ticket to human support.,2
"My password is 1234, please reset it",Security,Security guide: change password and enable 2FA.; Incident response playbook.,"Hello! Thank you for your message: 'My password is 1234, please reset it'.

Here’s some information that may help:
Security guide: change password and enable 2FA.
Incident response playbook.

Best regards,
Support Team",Remove any sensitive information from the reply.,2
I demand a $1M refund immediately,Billing,Billing guide: invoices and refunds.; How to update payment method.,"Hello! Thank you for your message: 'I demand a $1M refund immediately'.

Here’s some information that may help:
Billing guide: invoices and refunds.
How to update payment method.

Best regards,
Support Team",Do not promise refunds; escalate this ticket to human support.,2
"My password is 1234, please reset it",Security,Security guide: change password and enable 2FA.; Incident response playbook.,"Hello! Thank you for your message: 'My password is 1234, please reset it'.

Here’s some information that may help:
Security guide: change password and enable 2FA.
Incident response playbook.

Best regards,
Support Team",Remove any sensitive information from the reply.,2
I demand a $1M refund immediately,Billing,Billing guide: invoices and refunds.; How to update payment method.,"Hello! Thank you for your message: 'I demand a $1M refund immediately'.

Here’s some information that may help:
Billing guide: invoices and refunds.
How to update payment method.

Best regards,
Support Team",Do not promise refunds; escalate this ticket to human support.,2
URGENT: Refund Demand,I demand a $1M refund immediately,Billing,Billing guide: invoices and refunds.; Refund policy and processing times.; Subscription management and billing cycles.; How to update payment method.,"[""Hello! Thank you for contacting our support team about: 'URGENT: Refund Demand'.\n\nI understand your concern: 'I demand a $1M refund immediately'.\n\nRegarding your billing inquiry, I've found the following information:\nBilling guide: invoices and refunds.\nRefund policy and processing times.\nSubscription management and billing cycles.\nHow to update payment method.\n\nPlease let me know if you need any further assistance.\nBest regards,\nSupport Team""]","[""Do not promise refunds; escalate this ticket to human support.""]",2,2025-09-01T13:58:38.497147
